time,Charging Current (mA),Discharging Current (mA),Pack Voltage (mV),String 1 Voltage(mV),String 2 Voltage(mV),String 3 Voltage(mV),String 4 Voltage(mV),Temp (C),State Of Charge (%)
1657477800000.0,0.0,410.0,15129.0,3777.0,3787.0,3783.0,3782.0,0.0,0.0
1657477920000.0,0.0,400.0,15129.0,3777.0,3787.0,3783.0,3782.0,0.0,0.0
1657478040000.0,0.0,410.0,15127.0,3776.0,3787.0,3783.0,3781.0,0.0,0.0
1657478160000.0,0.0,400.0,15127.0,3777.0,3786.0,3783.0,3781.0,0.0,0.0
1657478280000.0,0.0,410.0,15125.0,3776.0,3786.0,3782.0,3781.0,0.0,0.0
1657478400000.0,0.0,400.0,15122.0,3775.0,3786.0,3781.0,3780.0,0.0,0.0
1657478520000.0,0.0,400.0,15121.0,3776.0,3785.0,3781.0,3779.0,0.0,0.0
1657478640000.0,0.0,400.0,15120.0,3775.0,3785.0,3781.0,3779.0,0.0,0.0
1657478760000.0,0.0,410.0,15118.0,3775.0,3784.0,3781.0,3778.0,0.0,0.0
1657478880000.0,0.0,410.0,15116.0,3774.0,3784.0,3780.0,3778.0,0.0,0.0
1657479000000.0,0.0,400.0,15116.0,3774.0,3784.0,3780.0,3778.0,0.0,0.0
1657479120000.0,0.0,390.0,15115.0,3774.0,3784.0,3779.0,3778.0,0.0,0.0
1657479240000.0,0.0,400.0,15112.0,3773.0,3783.0,3779.0,3777.0,0.0,0.0
1657479360000.0,0.0,390.0,15109.0,3772.0,3783.0,3778.0,3776.0,0.0,0.0
1657479480000.0,0.0,410.0,15108.0,3772.0,3782.0,3778.0,3776.0,0.0,0.0
1657479600000.0,0.0,390.0,15108.0,3772.0,3782.0,3778.0,3776.0,0.0,0.0
1657479720000.0,0.0,420.0,15105.0,3771.0,3781.0,3777.0,3775.0,0.0,0.0
1657479840000.0,0.0,380.0,15108.0,3772.0,3782.0,3778.0,3776.0,0.0,0.0
1657479960000.0,0.0,390.0,15103.0,3771.0,3781.0,3776.0,3775.0,0.0,0.0
1657480080000.0,0.0,390.0,15103.0,3771.0,3781.0,3776.0,3775.0,0.0,0.0
1657480200000.0,0.0,390.0,15100.0,3770.0,3780.0,3776.0,3774.0,0.0,0.0
1657480320000.0,0.0,410.0,15100.0,3770.0,3780.0,3776.0,3774.0,0.0,0.0
1657480440000.0,0.0,380.0,15100.0,3770.0,3780.0,3776.0,3774.0,0.0,0.0
1657480560000.0,0.0,400.0,15096.0,3769.0,3779.0,3775.0,3773.0,0.0,0.0
1657480680000.0,0.0,370.0,15096.0,3769.0,3779.0,3775.0,3773.0,0.0,0.0
1657480800000.0,0.0,390.0,15095.0,3768.0,3778.0,3775.0,3773.0,0.0,0.0
1657480920000.0,0.0,400.0,15092.0,3768.0,3778.0,3774.0,3772.0,0.0,0.0
1657481040000.0,0.0,400.0,15088.0,3767.0,3777.0,3773.0,3771.0,0.0,0.0
1657481160000.0,0.0,400.0,15087.0,3767.0,3777.0,3772.0,3771.0,0.0,0.0
1657481280000.0,0.0,430.0,15084.0,3766.0,3776.0,3772.0,3770.0,0.0,0.0
1657481400000.0,0.0,460.0,15080.0,3765.0,3775.0,3771.0,3769.0,0.0,0.0
1657481520000.0,0.0,450.0,15079.0,3765.0,3775.0,3770.0,3769.0,0.0,0.0
1657481640000.0,0.0,420.0,15079.0,3765.0,3775.0,3770.0,3769.0,0.0,0.0
1657481760000.0,0.0,390.0,15079.0,3764.0,3775.0,3771.0,3769.0,0.0,0.0
1657481880000.0,0.0,440.0,15075.0,3764.0,3774.0,3769.0,3768.0,0.0,0.0
1657482000000.0,0.0,410.0,15076.0,3764.0,3774.0,3770.0,3768.0,0.0,0.0
1657482120000.0,0.0,440.0,15071.0,3763.0,3772.0,3769.0,3767.0,0.0,0.0
1657482240000.0,0.0,430.0,15071.0,3763.0,3773.0,3768.0,3767.0,0.0,0.0
1657482360000.0,0.0,430.0,15071.0,3763.0,3773.0,3768.0,3767.0,0.0,0.0
1657482480000.0,0.0,420.0,15066.0,3762.0,3771.0,3767.0,3766.0,0.0,0.0
1657482600000.0,0.0,440.0,15064.0,3761.0,3771.0,3767.0,3765.0,0.0,0.0
1657482720000.0,0.0,420.0,15064.0,3761.0,3771.0,3767.0,3765.0,0.0,0.0
1657482840000.0,0.0,430.0,15064.0,3761.0,3771.0,3767.0,3765.0,0.0,0.0
1657482960000.0,0.0,410.0,15064.0,3761.0,3771.0,3767.0,3765.0,0.0,0.0
1657483080000.0,0.0,430.0,15060.0,3760.0,3770.0,3766.0,3764.0,0.0,0.0
1657483200000.0,0.0,420.0,15061.0,3760.0,3770.0,3766.0,3765.0,0.0,0.0
1657483320000.0,0.0,420.0,15058.0,3759.0,3770.0,3765.0,3764.0,0.0,0.0
1657483440000.0,0.0,430.0,15056.0,3759.0,3769.0,3765.0,3763.0,0.0,0.0
1657483560000.0,0.0,430.0,15054.0,3759.0,3768.0,3765.0,3762.0,0.0,0.0
1657483680000.0,0.0,420.0,15053.0,3758.0,3769.0,3765.0,3762.0,0.0,0.0
1657483800000.0,0.0,420.0,15052.0,3758.0,3768.0,3764.0,3762.0,0.0,0.0
1657483920000.0,0.0,420.0,15048.0,3757.0,3767.0,3763.0,3761.0,0.0,0.0
1657484040000.0,0.0,410.0,15048.0,3757.0,3767.0,3763.0,3761.0,0.0,0.0
1657484160000.0,0.0,400.0,15047.0,3756.0,3767.0,3763.0,3761.0,0.0,0.0
1657484280000.0,0.0,410.0,15044.0,3756.0,3766.0,3762.0,3760.0,0.0,0.0
1657484400000.0,0.0,410.0,15044.0,3756.0,3766.0,3762.0,3760.0,0.0,0.0
1657484520000.0,0.0,470.0,15040.0,3754.0,3765.0,3762.0,3759.0,0.0,0.0
1657484640000.0,0.0,410.0,15041.0,3755.0,3765.0,3762.0,3759.0,0.0,0.0
1657484760000.0,0.0,410.0,15039.0,3754.0,3765.0,3761.0,3759.0,0.0,0.0
1657484880000.0,0.0,400.0,15038.0,3754.0,3765.0,3760.0,3759.0,0.0,0.0
1657485000000.0,0.0,420.0,15034.0,3753.0,3764.0,3759.0,3758.0,0.0,0.0
1657485120000.0,0.0,400.0,15036.0,3754.0,3764.0,3760.0,3758.0,0.0,0.0
1657485240000.0,0.0,400.0,15035.0,3753.0,3764.0,3760.0,3758.0,0.0,0.0
1657485360000.0,0.0,410.0,15031.0,3753.0,3763.0,3759.0,3756.0,0.0,0.0
1657485480000.0,0.0,420.0,15028.0,3752.0,3762.0,3758.0,3756.0,0.0,0.0
1657485600000.0,0.0,400.0,15030.0,3752.0,3762.0,3759.0,3757.0,0.0,0.0
1657485720000.0,0.0,390.0,15027.0,3751.0,3762.0,3758.0,3756.0,0.0,0.0
1657485840000.0,0.0,370.0,15028.0,3752.0,3762.0,3758.0,3756.0,0.0,0.0
1657485960000.0,0.0,420.0,15026.0,3751.0,3762.0,3757.0,3756.0,0.0,0.0
1657486080000.0,0.0,380.0,15024.0,3750.0,3762.0,3757.0,3755.0,0.0,0.0
1657486200000.0,0.0,400.0,15023.0,3750.0,3761.0,3757.0,3755.0,0.0,0.0
1657486320000.0,0.0,400.0,15020.0,3749.0,3761.0,3756.0,3754.0,0.0,0.0
1657486440000.0,0.0,380.0,15020.0,3749.0,3761.0,3756.0,3754.0,0.0,0.0
1657486560000.0,0.0,410.0,15020.0,3749.0,3761.0,3756.0,3754.0,0.0,0.0
1657486680000.0,0.0,390.0,15016.0,3748.0,3760.0,3755.0,3753.0,0.0,0.0
1657486800000.0,0.0,380.0,15014.0,3748.0,3759.0,3755.0,3752.0,0.0,0.0
1657486920000.0,0.0,420.0,15011.0,3747.0,3758.0,3754.0,3752.0,0.0,0.0
1657487040000.0,0.0,400.0,15009.0,3746.0,3758.0,3753.0,3752.0,0.0,0.0
1657487160000.0,0.0,390.0,15009.0,3747.0,3757.0,3753.0,3752.0,0.0,0.0
1657487280000.0,0.0,410.0,15008.0,3746.0,3758.0,3753.0,3751.0,0.0,0.0
1657487400000.0,0.0,400.0,15007.0,3746.0,3757.0,3753.0,3751.0,0.0,0.0
1657487520000.0,0.0,390.0,15005.0,3745.0,3757.0,3753.0,3750.0,0.0,0.0
1657487640000.0,0.0,410.0,15003.0,3745.0,3756.0,3752.0,3750.0,0.0,0.0
1657487760000.0,0.0,430.0,15000.0,3744.0,3756.0,3751.0,3749.0,0.0,0.0
1657487880000.0,0.0,420.0,14999.0,3744.0,3755.0,3751.0,3749.0,0.0,0.0
1657488000000.0,0.0,420.0,14995.0,3743.0,3754.0,3750.0,3748.0,0.0,0.0
1657488120000.0,0.0,410.0,14996.0,3743.0,3755.0,3750.0,3748.0,0.0,0.0
1657488240000.0,0.0,380.0,14994.0,3743.0,3754.0,3750.0,3747.0,0.0,0.0
1657488360000.0,0.0,380.0,14995.0,3743.0,3754.0,3750.0,3748.0,0.0,0.0
1657488480000.0,0.0,390.0,14993.0,3743.0,3754.0,3749.0,3747.0,0.0,0.0
1657488600000.0,0.0,380.0,14993.0,3743.0,3754.0,3749.0,3747.0,0.0,0.0
1657488720000.0,0.0,370.0,14991.0,3742.0,3753.0,3749.0,3747.0,0.0,0.0
1657488840000.0,0.0,380.0,14989.0,3742.0,3753.0,3748.0,3746.0,0.0,0.0
1657488960000.0,0.0,380.0,14987.0,3741.0,3752.0,3748.0,3746.0,0.0,0.0
1657489080000.0,0.0,390.0,14986.0,3741.0,3752.0,3747.0,3746.0,0.0,0.0
1657489200000.0,0.0,410.0,14983.0,3740.0,3751.0,3747.0,3745.0,0.0,0.0
1657489320000.0,0.0,370.0,14986.0,3742.0,3752.0,3747.0,3745.0,0.0,0.0
1657489440000.0,0.0,410.0,14982.0,3740.0,3751.0,3747.0,3744.0,0.0,0.0
1657489560000.0,0.0,400.0,14978.0,3739.0,3750.0,3746.0,3743.0,0.0,0.0
1657489680000.0,0.0,430.0,14976.0,3738.0,3750.0,3745.0,3743.0,0.0,0.0
1657489800000.0,0.0,410.0,14972.0,3737.0,3749.0,3744.0,3742.0,0.0,0.0
1657489920000.0,0.0,420.0,14972.0,3737.0,3749.0,3744.0,3742.0,0.0,0.0
1657490040000.0,0.0,410.0,14971.0,3737.0,3748.0,3744.0,3742.0,0.0,0.0
1657490160000.0,0.0,420.0,14969.0,3736.0,3748.0,3743.0,3742.0,0.0,0.0
1657490280000.0,0.0,400.0,14970.0,3736.0,3748.0,3744.0,3742.0,0.0,0.0
1657490400000.0,0.0,400.0,14966.0,3736.0,3747.0,3742.0,3741.0,0.0,0.0
1657490520000.0,0.0,400.0,14965.0,3736.0,3747.0,3742.0,3740.0,0.0,0.0
1657490640000.0,0.0,420.0,14964.0,3736.0,3746.0,3742.0,3740.0,0.0,0.0
1657490760000.0,0.0,430.0,14959.0,3734.0,3745.0,3741.0,3739.0,0.0,0.0
1657490880000.0,0.0,420.0,14958.0,3733.0,3745.0,3741.0,3739.0,0.0,0.0
1657491000000.0,0.0,450.0,14956.0,3733.0,3744.0,3741.0,3738.0,0.0,0.0
1657491120000.0,0.0,440.0,14953.0,3732.0,3744.0,3740.0,3737.0,0.0,0.0
1657491240000.0,0.0,440.0,14953.0,3731.0,3744.0,3740.0,3738.0,0.0,0.0
1657491360000.0,0.0,430.0,14952.0,3731.0,3743.0,3740.0,3738.0,0.0,0.0
1657491480000.0,0.0,410.0,14951.0,3731.0,3744.0,3739.0,3737.0,0.0,0.0
1657491600000.0,0.0,360.0,14954.0,3731.0,3745.0,3740.0,3738.0,0.0,0.0
1657491720000.0,0.0,330.0,14954.0,3732.0,3744.0,3740.0,3738.0,0.0,0.0
1657491840000.0,0.0,310.0,14957.0,3732.0,3745.0,3741.0,3739.0,0.0,0.0
1657491960000.0,0.0,260.0,14957.0,3732.0,3745.0,3741.0,3739.0,0.0,0.0
1657492080000.0,0.0,330.0,14953.0,3731.0,3744.0,3740.0,3738.0,0.0,0.0
1657492200000.0,0.0,350.0,14951.0,3731.0,3744.0,3739.0,3737.0,0.0,0.0
1657492320000.0,0.0,370.0,14946.0,3729.0,3743.0,3738.0,3736.0,0.0,0.0
1657492440000.0,0.0,350.0,14945.0,3728.0,3743.0,3738.0,3736.0,0.0,0.0
1657492560000.0,0.0,380.0,14943.0,3727.0,3743.0,3738.0,3735.0,0.0,0.0
1657492680000.0,0.0,370.0,14943.0,3728.0,3742.0,3737.0,3736.0,0.0,0.0
1657492800000.0,0.0,350.0,14941.0,3726.0,3742.0,3738.0,3735.0,0.0,0.0
1657492920000.0,0.0,360.0,14938.0,3726.0,3741.0,3737.0,3734.0,0.0,0.0
1657493040000.0,0.0,340.0,14937.0,3725.0,3741.0,3737.0,3734.0,0.0,0.0
1657493160000.0,0.0,290.0,14937.0,3725.0,3741.0,3737.0,3734.0,0.0,0.0
1657493280000.0,0.0,410.0,14926.0,3722.0,3739.0,3734.0,3731.0,0.0,0.0
1657493400000.0,0.0,410.0,14926.0,3721.0,3739.0,3735.0,3731.0,0.0,0.0
1657493520000.0,0.0,390.0,14928.0,3722.0,3739.0,3735.0,3732.0,0.0,0.0
1657493640000.0,0.0,380.0,14925.0,3722.0,3739.0,3734.0,3730.0,0.0,0.0
1657493760000.0,0.0,380.0,14924.0,3720.0,3739.0,3734.0,3731.0,0.0,0.0
1657493880000.0,0.0,370.0,14921.0,3720.0,3738.0,3733.0,3730.0,0.0,0.0
1657494000000.0,0.0,360.0,14920.0,3719.0,3738.0,3732.0,3730.0,0.0,0.0
1657494120000.0,0.0,430.0,14915.0,3718.0,3737.0,3732.0,3728.0,0.0,0.0
1657494240000.0,0.0,440.0,14910.0,3716.0,3736.0,3731.0,3727.0,0.0,0.0
1657494360000.0,0.0,320.0,14918.0,3718.0,3738.0,3733.0,3729.0,0.0,0.0
1657494480000.0,0.0,340.0,14916.0,3717.0,3738.0,3732.0,3729.0,0.0,0.0
1657494600000.0,0.0,420.0,14907.0,3716.0,3735.0,3730.0,3726.0,0.0,0.0
1657494720000.0,0.0,430.0,14901.0,3714.0,3734.0,3728.0,3725.0,0.0,0.0
1657494840000.0,0.0,430.0,14897.0,3713.0,3734.0,3727.0,3723.0,0.0,0.0
1657494960000.0,0.0,420.0,14897.0,3713.0,3734.0,3727.0,3723.0,0.0,0.0
1657495080000.0,0.0,430.0,14894.0,3712.0,3733.0,3727.0,3722.0,0.0,0.0
1657495200000.0,0.0,440.0,14890.0,3711.0,3733.0,3725.0,3721.0,0.0,0.0
1657495320000.0,0.0,440.0,14886.0,3710.0,3732.0,3724.0,3720.0,0.0,0.0
1657495440000.0,0.0,430.0,14885.0,3710.0,3731.0,3724.0,3720.0,0.0,0.0
1657495560000.0,0.0,430.0,14881.0,3709.0,3731.0,3723.0,3718.0,0.0,0.0
1657495680000.0,0.0,430.0,14880.0,3708.0,3731.0,3723.0,3718.0,0.0,0.0
1657495800000.0,0.0,440.0,14877.0,3708.0,3730.0,3722.0,3717.0,0.0,0.0
1657495920000.0,0.0,410.0,14872.0,3707.0,3729.0,3720.0,3716.0,0.0,0.0
1657496040000.0,0.0,420.0,14871.0,3706.0,3729.0,3720.0,3716.0,0.0,0.0
1657496160000.0,0.0,430.0,14867.0,3705.0,3728.0,3719.0,3715.0,0.0,0.0
1657496280000.0,0.0,430.0,14864.0,3705.0,3727.0,3718.0,3714.0,0.0,0.0
1657496400000.0,0.0,440.0,14861.0,3704.0,3726.0,3717.0,3714.0,0.0,0.0
1657496520000.0,0.0,430.0,14857.0,3703.0,3725.0,3716.0,3713.0,0.0,0.0
1657496640000.0,0.0,340.0,14860.0,3704.0,3726.0,3717.0,3713.0,0.0,0.0
1657496760000.0,0.0,340.0,14860.0,3704.0,3726.0,3717.0,3713.0,0.0,0.0
1657496880000.0,0.0,390.0,14854.0,3702.0,3725.0,3715.0,3712.0,0.0,0.0
1657497000000.0,0.0,390.0,14852.0,3701.0,3724.0,3715.0,3712.0,0.0,0.0
1657497120000.0,0.0,380.0,14845.0,3700.0,3722.0,3713.0,3710.0,0.0,0.0
1657497240000.0,0.0,380.0,14845.0,3699.0,3722.0,3714.0,3710.0,0.0,0.0
1657497360000.0,0.0,360.0,14844.0,3699.0,3722.0,3713.0,3710.0,0.0,0.0
1657497480000.0,0.0,400.0,14839.0,3697.0,3721.0,3712.0,3709.0,0.0,0.0
1657497600000.0,0.0,410.0,14836.0,3696.0,3720.0,3712.0,3708.0,0.0,0.0
1657497720000.0,0.0,430.0,14832.0,3695.0,3719.0,3711.0,3707.0,0.0,0.0
1657497840000.0,0.0,440.0,14829.0,3694.0,3718.0,3710.0,3707.0,0.0,0.0
1657497960000.0,0.0,410.0,14826.0,3693.0,3718.0,3709.0,3706.0,0.0,0.0
1657498080000.0,0.0,430.0,14822.0,3692.0,3716.0,3709.0,3705.0,0.0,0.0
1657498200000.0,0.0,380.0,14822.0,3692.0,3716.0,3709.0,3705.0,0.0,0.0
1657498320000.0,0.0,410.0,14817.0,3691.0,3715.0,3708.0,3703.0,0.0,0.0
1657498440000.0,0.0,420.0,14814.0,3690.0,3714.0,3707.0,3703.0,0.0,0.0
1657498560000.0,0.0,390.0,14812.0,3689.0,3714.0,3707.0,3702.0,0.0,0.0
1657498680000.0,0.0,430.0,14807.0,3688.0,3713.0,3705.0,3701.0,0.0,0.0
1657498800000.0,0.0,400.0,14807.0,3688.0,3713.0,3705.0,3701.0,0.0,0.0
1657498920000.0,0.0,400.0,14805.0,3688.0,3712.0,3704.0,3700.0,0.0,0.0
1657499040000.0,0.0,420.0,14799.0,3687.0,3711.0,3703.0,3698.0,0.0,0.0
1657499160000.0,0.0,410.0,14797.0,3687.0,3711.0,3702.0,3697.0,0.0,0.0
1657499280000.0,0.0,370.0,14796.0,3687.0,3710.0,3702.0,3697.0,0.0,0.0
1657499400000.0,0.0,400.0,14794.0,3687.0,3710.0,3701.0,3696.0,0.0,0.0
1657499520000.0,0.0,420.0,14790.0,3686.0,3709.0,3700.0,3695.0,0.0,0.0
1657499640000.0,0.0,410.0,14786.0,3685.0,3708.0,3699.0,3694.0,0.0,0.0
1657499760000.0,0.0,410.0,14783.0,3685.0,3707.0,3698.0,3693.0,0.0,0.0
1657499880000.0,0.0,420.0,14781.0,3685.0,3707.0,3697.0,3692.0,0.0,0.0
1657500000000.0,0.0,420.0,14778.0,3685.0,3706.0,3696.0,3691.0,0.0,0.0
1657500120000.0,0.0,410.0,14776.0,3685.0,3705.0,3695.0,3691.0,0.0,0.0
1657500240000.0,0.0,430.0,14772.0,3684.0,3705.0,3694.0,3689.0,0.0,0.0
1657500360000.0,0.0,400.0,14771.0,3685.0,3704.0,3693.0,3689.0,0.0,0.0
1657500480000.0,0.0,400.0,14771.0,3685.0,3704.0,3693.0,3689.0,0.0,0.0
1657500600000.0,0.0,410.0,14765.0,3684.0,3703.0,3691.0,3687.0,0.0,0.0
1657500720000.0,0.0,290.0,14776.0,3687.0,3705.0,3694.0,3690.0,0.0,0.0
1657500840000.0,0.0,340.0,14770.0,3686.0,3703.0,3692.0,3689.0,0.0,0.0
1657500960000.0,0.0,320.0,14769.0,3686.0,3702.0,3692.0,3689.0,0.0,0.0
1657501080000.0,0.0,300.0,14768.0,3686.0,3702.0,3691.0,3689.0,0.0,0.0
1657501200000.0,0.0,300.0,14767.0,3686.0,3702.0,3691.0,3688.0,0.0,0.0
1657501320000.0,0.0,410.0,14760.0,3684.0,3700.0,3689.0,3687.0,0.0,0.0
1657501440000.0,0.0,390.0,14758.0,3684.0,3699.0,3689.0,3686.0,0.0,0.0
1657501560000.0,0.0,420.0,14753.0,3684.0,3697.0,3687.0,3685.0,0.0,0.0
1657501680000.0,0.0,430.0,14752.0,3683.0,3697.0,3687.0,3685.0,0.0,0.0
1657501800000.0,0.0,420.0,14749.0,3683.0,3695.0,3686.0,3685.0,0.0,0.0
1657501920000.0,0.0,420.0,14748.0,3683.0,3694.0,3686.0,3685.0,0.0,0.0
1657502040000.0,0.0,440.0,14745.0,3683.0,3692.0,3685.0,3685.0,0.0,0.0
1657502160000.0,0.0,460.0,14741.0,3682.0,3691.0,3685.0,3683.0,0.0,0.0
1657502280000.0,0.0,430.0,14743.0,3683.0,3691.0,3685.0,3684.0,0.0,0.0
1657502400000.0,0.0,430.0,14740.0,3682.0,3690.0,3685.0,3683.0,0.0,0.0
1657502520000.0,0.0,440.0,14739.0,3682.0,3689.0,3685.0,3683.0,0.0,0.0
1657502640000.0,0.0,440.0,14737.0,3682.0,3688.0,3684.0,3683.0,0.0,0.0
1657502760000.0,0.0,440.0,14736.0,3682.0,3687.0,3684.0,3683.0,0.0,0.0
1657502880000.0,0.0,430.0,14738.0,3682.0,3687.0,3685.0,3684.0,0.0,0.0
1657503000000.0,0.0,430.0,14736.0,3682.0,3687.0,3684.0,3683.0,0.0,0.0
1657503120000.0,0.0,430.0,14735.0,3681.0,3686.0,3685.0,3683.0,0.0,0.0
1657503240000.0,0.0,420.0,14736.0,3682.0,3687.0,3684.0,3683.0,0.0,0.0
1657503360000.0,0.0,420.0,14733.0,3681.0,3686.0,3684.0,3682.0,0.0,0.0
1657503480000.0,0.0,400.0,14736.0,3682.0,3686.0,3684.0,3683.0,0.0,0.0
1657503600000.0,0.0,430.0,14731.0,3681.0,3685.0,3683.0,3682.0,0.0,0.0
1657503720000.0,0.0,430.0,14732.0,3681.0,3685.0,3684.0,3682.0,0.0,0.0
1657503840000.0,0.0,350.0,14737.0,3682.0,3687.0,3685.0,3683.0,0.0,0.0
1657503960000.0,0.0,370.0,14736.0,3682.0,3686.0,3685.0,3683.0,0.0,0.0
1657504080000.0,0.0,380.0,14734.0,3681.0,3685.0,3685.0,3683.0,0.0,0.0
1657504200000.0,0.0,360.0,14735.0,3682.0,3686.0,3685.0,3683.0,0.0,0.0
1657504320000.0,0.0,370.0,14735.0,3682.0,3686.0,3684.0,3683.0,0.0,0.0
1657504440000.0,0.0,370.0,14734.0,3681.0,3686.0,3684.0,3683.0,0.0,0.0
1657504560000.0,0.0,380.0,14733.0,3681.0,3685.0,3684.0,3683.0,0.0,0.0
1657504680000.0,0.0,390.0,14731.0,3680.0,3685.0,3684.0,3682.0,0.0,0.0
1657504800000.0,0.0,360.0,14733.0,3681.0,3685.0,3684.0,3683.0,0.0,0.0
1657504920000.0,0.0,390.0,14731.0,3681.0,3685.0,3683.0,3682.0,0.0,0.0
1657505040000.0,0.0,380.0,14730.0,3680.0,3684.0,3684.0,3682.0,0.0,0.0
1657505160000.0,0.0,390.0,14729.0,3680.0,3684.0,3683.0,3682.0,0.0,0.0
1657505280000.0,0.0,370.0,14730.0,3680.0,3684.0,3684.0,3682.0,0.0,0.0
1657505400000.0,0.0,360.0,14732.0,3681.0,3685.0,3683.0,3683.0,0.0,0.0
1657505520000.0,0.0,360.0,14730.0,3681.0,3684.0,3683.0,3682.0,0.0,0.0
1657505640000.0,0.0,360.0,14733.0,3681.0,3685.0,3684.0,3683.0,0.0,0.0
1657505760000.0,0.0,340.0,14731.0,3681.0,3685.0,3683.0,3682.0,0.0,0.0
1657505880000.0,0.0,340.0,14731.0,3680.0,3685.0,3683.0,3683.0,0.0,0.0
1657506000000.0,0.0,280.0,14737.0,3682.0,3686.0,3685.0,3684.0,0.0,0.0
1657506120000.0,0.0,240.0,14740.0,3683.0,3687.0,3686.0,3684.0,0.0,0.0
1657506240000.0,0.0,390.0,14727.0,3679.0,3684.0,3683.0,3681.0,0.0,0.0
1657506360000.0,0.0,420.0,14722.0,3678.0,3683.0,3681.0,3681.0,0.0,0.0
1657506480000.0,0.0,410.0,14723.0,3678.0,3683.0,3681.0,3681.0,0.0,0.0
1657506600000.0,0.0,430.0,14721.0,3678.0,3682.0,3681.0,3680.0,0.0,0.0
1657506720000.0,0.0,430.0,14719.0,3677.0,3682.0,3681.0,3679.0,0.0,0.0
1657506840000.0,0.0,440.0,14720.0,3677.0,3682.0,3681.0,3680.0,0.0,0.0
1657506960000.0,0.0,430.0,14720.0,3677.0,3682.0,3681.0,3680.0,0.0,0.0
1657507080000.0,0.0,440.0,14720.0,3677.0,3682.0,3681.0,3680.0,0.0,0.0
1657507200000.0,0.0,410.0,14718.0,3676.0,3682.0,3680.0,3680.0,0.0,0.0
1657507320000.0,0.0,420.0,14717.0,3676.0,3681.0,3681.0,3679.0,0.0,0.0
1657507440000.0,0.0,420.0,14716.0,3676.0,3681.0,3680.0,3679.0,0.0,0.0
1657507560000.0,0.0,370.0,14720.0,3677.0,3682.0,3681.0,3680.0,0.0,0.0
1657507680000.0,0.0,420.0,14718.0,3676.0,3682.0,3681.0,3679.0,0.0,0.0
1657507800000.0,0.0,410.0,14718.0,3676.0,3682.0,3681.0,3679.0,0.0,0.0
1657507920000.0,0.0,450.0,14713.0,3674.0,3681.0,3680.0,3678.0,0.0,0.0
1657508040000.0,0.0,440.0,14712.0,3674.0,3680.0,3680.0,3678.0,0.0,0.0
1657508160000.0,0.0,460.0,14710.0,3673.0,3681.0,3679.0,3677.0,0.0,0.0
1657508280000.0,0.0,450.0,14709.0,3673.0,3680.0,3679.0,3677.0,0.0,0.0
1657508400000.0,0.0,470.0,14706.0,3672.0,3680.0,3678.0,3676.0,0.0,0.0
1657508520000.0,0.0,450.0,14708.0,3673.0,3680.0,3678.0,3677.0,0.0,0.0
1657508640000.0,0.0,430.0,14708.0,3673.0,3680.0,3678.0,3677.0,0.0,0.0
1657508760000.0,0.0,60.0,14747.0,3684.0,3689.0,3688.0,3686.0,0.0,0.0
1657508880000.0,0.0,50.0,14750.0,3684.0,3690.0,3688.0,3688.0,0.0,0.0
1657509000000.0,0.0,50.0,14751.0,3685.0,3690.0,3689.0,3687.0,0.0,0.0
1657509120000.0,0.0,50.0,14752.0,3685.0,3690.0,3689.0,3688.0,0.0,0.0
1657509240000.0,0.0,50.0,14750.0,3684.0,3690.0,3689.0,3687.0,0.0,0.0
1657509360000.0,0.0,60.0,14751.0,3685.0,3690.0,3688.0,3688.0,0.0,0.0
1657509480000.0,0.0,50.0,14753.0,3685.0,3691.0,3689.0,3688.0,0.0,0.0
1657509600000.0,0.0,50.0,14751.0,3684.0,3690.0,3689.0,3688.0,0.0,0.0
1657509720000.0,0.0,60.0,14753.0,3685.0,3691.0,3689.0,3688.0,0.0,0.0
1657509840000.0,0.0,60.0,14752.0,3685.0,3690.0,3689.0,3688.0,0.0,0.0
1657509960000.0,0.0,50.0,14752.0,3685.0,3690.0,3689.0,3688.0,0.0,0.0
1657510080000.0,0.0,60.0,14753.0,3685.0,3691.0,3689.0,3688.0,0.0,0.0
1657510200000.0,0.0,50.0,14750.0,3684.0,3690.0,3688.0,3688.0,0.0,0.0
1657510320000.0,0.0,50.0,14752.0,3685.0,3690.0,3689.0,3688.0,0.0,0.0
1657510440000.0,0.0,50.0,14753.0,3685.0,3690.0,3690.0,3688.0,0.0,0.0
1657510560000.0,0.0,50.0,14752.0,3685.0,3690.0,3689.0,3688.0,0.0,0.0
1657510680000.0,0.0,60.0,14753.0,3685.0,3691.0,3689.0,3688.0,0.0,0.0
1657510800000.0,0.0,60.0,14753.0,3685.0,3691.0,3689.0,3688.0,0.0,0.0
1657510920000.0,0.0,60.0,14752.0,3685.0,3690.0,3689.0,3688.0,0.0,0.0
1657511040000.0,0.0,50.0,14752.0,3685.0,3691.0,3689.0,3687.0,0.0,0.0
1657511160000.0,0.0,50.0,14753.0,3685.0,3691.0,3689.0,3688.0,0.0,0.0
1657511280000.0,0.0,60.0,14752.0,3685.0,3690.0,3689.0,3688.0,0.0,0.0
1657511400000.0,0.0,450.0,14712.0,3674.0,3681.0,3679.0,3678.0,0.0,0.0
1657511520000.0,0.0,320.0,14724.0,3677.0,3684.0,3682.0,3681.0,0.0,0.0
1657511640000.0,0.0,320.0,14721.0,3676.0,3683.0,3682.0,3680.0,0.0,0.0
1657511760000.0,0.0,320.0,14719.0,3675.0,3683.0,3681.0,3680.0,0.0,0.0
1657511880000.0,0.0,320.0,14717.0,3674.0,3683.0,3681.0,3679.0,0.0,0.0
1657512000000.0,0.0,320.0,14716.0,3674.0,3682.0,3680.0,3680.0,0.0,0.0
1657512120000.0,0.0,320.0,14716.0,3674.0,3683.0,3680.0,3679.0,0.0,0.0
1657512240000.0,0.0,300.0,14717.0,3674.0,3683.0,3681.0,3679.0,0.0,0.0
1657512360000.0,0.0,280.0,14718.0,3674.0,3683.0,3681.0,3680.0,0.0,0.0
1657512480000.0,0.0,260.0,14721.0,3675.0,3684.0,3682.0,3680.0,0.0,0.0
1657512600000.0,0.0,240.0,14720.0,3674.0,3684.0,3682.0,3680.0,0.0,0.0
1657512720000.0,0.0,230.0,14722.0,3674.0,3684.0,3683.0,3681.0,0.0,0.0
1657512840000.0,0.0,210.0,14724.0,3675.0,3685.0,3683.0,3681.0,0.0,0.0
1657512960000.0,0.0,200.0,14725.0,3675.0,3685.0,3684.0,3681.0,0.0,0.0
1657513080000.0,0.0,180.0,14727.0,3675.0,3686.0,3684.0,3682.0,0.0,0.0
1657513200000.0,0.0,160.0,14727.0,3676.0,3685.0,3684.0,3682.0,0.0,0.0
1657513320000.0,0.0,160.0,14726.0,3675.0,3685.0,3684.0,3682.0,0.0,0.0
1657513440000.0,0.0,60.0,14738.0,3679.0,3688.0,3686.0,3685.0,0.0,0.0
1657513560000.0,0.0,60.0,14742.0,3680.0,3689.0,3687.0,3686.0,0.0,0.0
1657513680000.0,0.0,60.0,14740.0,3679.0,3689.0,3687.0,3685.0,0.0,0.0
1657513800000.0,0.0,60.0,14740.0,3679.0,3689.0,3687.0,3685.0,0.0,0.0
1657513920000.0,0.0,60.0,14739.0,3679.0,3688.0,3687.0,3685.0,0.0,0.0
1657514040000.0,0.0,60.0,14740.0,3679.0,3689.0,3687.0,3685.0,0.0,0.0
1657514160000.0,0.0,60.0,14742.0,3680.0,3689.0,3687.0,3686.0,0.0,0.0
1657514280000.0,0.0,60.0,14742.0,3680.0,3689.0,3687.0,3686.0,0.0,0.0
1657514400000.0,0.0,60.0,14739.0,3679.0,3688.0,3687.0,3685.0,0.0,0.0
1657514520000.0,0.0,60.0,14742.0,3680.0,3689.0,3687.0,3686.0,0.0,0.0
1657514640000.0,0.0,60.0,14742.0,3680.0,3689.0,3687.0,3686.0,0.0,0.0
1657514760000.0,0.0,50.0,14742.0,3680.0,3689.0,3687.0,3686.0,0.0,0.0
1657514880000.0,0.0,50.0,14740.0,3679.0,3689.0,3687.0,3685.0,0.0,0.0
1657515000000.0,0.0,50.0,14741.0,3679.0,3689.0,3687.0,3686.0,0.0,0.0
1657515120000.0,0.0,60.0,14740.0,3679.0,3689.0,3687.0,3685.0,0.0,0.0
1657515240000.0,0.0,60.0,14740.0,3679.0,3689.0,3687.0,3685.0,0.0,0.0
1657515360000.0,0.0,50.0,14740.0,3679.0,3689.0,3687.0,3685.0,0.0,0.0
1657515480000.0,0.0,50.0,14740.0,3679.0,3689.0,3687.0,3685.0,0.0,0.0
1657515600000.0,0.0,50.0,14741.0,3679.0,3689.0,3687.0,3686.0,0.0,0.0
1657515720000.0,0.0,50.0,14741.0,3679.0,3689.0,3687.0,3686.0,0.0,0.0
1657515840000.0,0.0,50.0,14739.0,3678.0,3689.0,3687.0,3685.0,0.0,0.0
1657515960000.0,0.0,50.0,14740.0,3679.0,3689.0,3687.0,3685.0,0.0,0.0
1657516080000.0,0.0,60.0,14740.0,3679.0,3689.0,3687.0,3685.0,0.0,0.0
1657516200000.0,0.0,50.0,14738.0,3679.0,3688.0,3686.0,3685.0,0.0,0.0
1657516320000.0,0.0,60.0,14737.0,3678.0,3688.0,3686.0,3685.0,0.0,0.0
1657516440000.0,0.0,50.0,14739.0,3679.0,3688.0,3687.0,3685.0,0.0,0.0
1657516560000.0,0.0,60.0,14739.0,3678.0,3689.0,3687.0,3685.0,0.0,0.0
1657516680000.0,0.0,50.0,14738.0,3678.0,3688.0,3687.0,3685.0,0.0,0.0
1657516800000.0,0.0,60.0,14739.0,3678.0,3689.0,3687.0,3685.0,0.0,0.0
1657516920000.0,0.0,60.0,14739.0,3678.0,3689.0,3687.0,3685.0,0.0,0.0
1657517040000.0,0.0,50.0,14738.0,3678.0,3689.0,3686.0,3685.0,0.0,0.0
1657517160000.0,2020.0,0.0,14863.0,3710.0,3719.0,3718.0,3716.0,0.0,0.0
1657517280000.0,50.0,0.0,14754.0,3682.0,3693.0,3690.0,3688.0,0.0,0.0
1657517400000.0,60.0,0.0,14754.0,3682.0,3692.0,3691.0,3689.0,0.0,0.0
1657517520000.0,70.0,0.0,14758.0,3684.0,3693.0,3691.0,3690.0,0.0,0.0
1657517640000.0,110.0,0.0,14761.0,3684.0,3694.0,3692.0,3691.0,0.0,0.0
1657517760000.0,80.0,0.0,14762.0,3685.0,3694.0,3692.0,3691.0,0.0,0.0
1657517880000.0,70.0,0.0,14763.0,3685.0,3694.0,3693.0,3691.0,0.0,0.0
1657518000000.0,60.0,0.0,14760.0,3684.0,3694.0,3692.0,3690.0,0.0,0.0
1657518120000.0,60.0,0.0,14764.0,3686.0,3694.0,3693.0,3691.0,0.0,0.0
1657518240000.0,60.0,0.0,14766.0,3686.0,3695.0,3693.0,3692.0,0.0,0.0
1657518360000.0,60.0,0.0,14766.0,3687.0,3695.0,3693.0,3691.0,0.0,0.0
1657518480000.0,60.0,0.0,14765.0,3687.0,3694.0,3693.0,3691.0,0.0,0.0
1657518600000.0,60.0,0.0,14768.0,3688.0,3695.0,3693.0,3692.0,0.0,0.0
1657518720000.0,10.0,0.0,14761.0,3686.0,3693.0,3692.0,3690.0,0.0,0.0
1657518840000.0,0.0,0.0,14762.0,3686.0,3693.0,3693.0,3690.0,0.0,0.0
1657518960000.0,40.0,0.0,14767.0,3687.0,3695.0,3693.0,3692.0,0.0,0.0
1657519080000.0,30.0,0.0,14766.0,3687.0,3695.0,3693.0,3692.0,0.0,0.0
1657519200000.0,30.0,0.0,14765.0,3687.0,3694.0,3693.0,3691.0,0.0,0.0
1657519320000.0,20.0,0.0,14765.0,3687.0,3694.0,3693.0,3691.0,0.0,0.0
1657519440000.0,20.0,0.0,14765.0,3687.0,3694.0,3693.0,3691.0,0.0,0.0
1657519560000.0,0.0,10.0,14763.0,3687.0,3693.0,3692.0,3691.0,0.0,0.0
1657519680000.0,0.0,50.0,14757.0,3685.0,3692.0,3691.0,3689.0,0.0,0.0
1657519800000.0,0.0,50.0,14754.0,3684.0,3691.0,3690.0,3689.0,0.0,0.0
1657519920000.0,0.0,50.0,14755.0,3684.0,3692.0,3690.0,3689.0,0.0,0.0
1657520040000.0,0.0,50.0,14754.0,3684.0,3692.0,3690.0,3688.0,0.0,0.0
1657520160000.0,0.0,50.0,14752.0,3683.0,3691.0,3690.0,3688.0,0.0,0.0
1657520280000.0,0.0,50.0,14752.0,3683.0,3691.0,3690.0,3688.0,0.0,0.0
1657520400000.0,0.0,50.0,14751.0,3683.0,3691.0,3689.0,3688.0,0.0,0.0
1657520520000.0,0.0,60.0,14750.0,3682.0,3691.0,3689.0,3688.0,0.0,0.0
1657520640000.0,0.0,50.0,14748.0,3682.0,3690.0,3689.0,3687.0,0.0,0.0
1657520760000.0,0.0,50.0,14748.0,3682.0,3690.0,3689.0,3687.0,0.0,0.0
1657520880000.0,50.0,0.0,14756.0,3684.0,3692.0,3691.0,3689.0,0.0,0.0
1657521000000.0,30.0,0.0,14756.0,3684.0,3692.0,3690.0,3690.0,0.0,0.0
1657521120000.0,20.0,0.0,14757.0,3684.0,3692.0,3691.0,3690.0,0.0,0.0
1657521240000.0,40.0,0.0,14760.0,3685.0,3693.0,3692.0,3690.0,0.0,0.0
1657521360000.0,70.0,0.0,14762.0,3686.0,3693.0,3693.0,3690.0,0.0,0.0
1657521480000.0,50.0,0.0,14763.0,3686.0,3693.0,3693.0,3691.0,0.0,0.0
1657521600000.0,50.0,0.0,14765.0,3687.0,3694.0,3693.0,3691.0,0.0,0.0
1657521720000.0,40.0,0.0,14765.0,3687.0,3694.0,3693.0,3691.0,0.0,0.0
1657521840000.0,40.0,0.0,14765.0,3687.0,3694.0,3693.0,3691.0,0.0,0.0
1657521960000.0,50.0,0.0,14766.0,3687.0,3694.0,3693.0,3692.0,0.0,0.0
1657522080000.0,50.0,0.0,14765.0,3687.0,3694.0,3693.0,3691.0,0.0,0.0
1657522200000.0,20.0,0.0,14764.0,3687.0,3694.0,3692.0,3691.0,0.0,0.0
1657522320000.0,20.0,0.0,14765.0,3687.0,3694.0,3693.0,3691.0,0.0,0.0
1657522440000.0,20.0,0.0,14764.0,3687.0,3694.0,3692.0,3691.0,0.0,0.0
1657522560000.0,20.0,0.0,14766.0,3687.0,3694.0,3693.0,3692.0,0.0,0.0
1657522680000.0,40.0,0.0,14766.0,3688.0,3694.0,3693.0,3691.0,0.0,0.0
1657522800000.0,20.0,0.0,14765.0,3687.0,3694.0,3693.0,3691.0,0.0,0.0
1657522920000.0,10.0,0.0,14763.0,3687.0,3693.0,3692.0,3691.0,0.0,0.0
1657523040000.0,10.0,0.0,14765.0,3687.0,3694.0,3693.0,3691.0,0.0,0.0
1657523160000.0,10.0,0.0,14766.0,3687.0,3694.0,3693.0,3692.0,0.0,0.0
1657523280000.0,10.0,0.0,14762.0,3687.0,3693.0,3692.0,3690.0,0.0,0.0
1657523400000.0,20.0,0.0,14766.0,3688.0,3694.0,3693.0,3691.0,0.0,0.0
1657523520000.0,30.0,0.0,14770.0,3689.0,3695.0,3693.0,3693.0,0.0,0.0
1657523640000.0,50.0,0.0,14771.0,3689.0,3695.0,3694.0,3693.0,0.0,0.0
1657523760000.0,40.0,0.0,14768.0,3688.0,3694.0,3693.0,3693.0,0.0,0.0
1657523880000.0,40.0,0.0,14769.0,3688.0,3695.0,3694.0,3692.0,0.0,0.0
1657524000000.0,40.0,0.0,14771.0,3689.0,3695.0,3694.0,3693.0,0.0,0.0
1657524120000.0,40.0,0.0,14771.0,3690.0,3695.0,3694.0,3692.0,0.0,0.0
1657524240000.0,40.0,0.0,14771.0,3689.0,3695.0,3694.0,3693.0,0.0,0.0
1657524360000.0,40.0,0.0,14772.0,3690.0,3695.0,3694.0,3693.0,0.0,0.0
1657524480000.0,50.0,0.0,14775.0,3691.0,3696.0,3695.0,3693.0,0.0,0.0
1657524600000.0,50.0,0.0,14775.0,3691.0,3695.0,3695.0,3694.0,0.0,0.0
1657524720000.0,40.0,0.0,14776.0,3691.0,3696.0,3695.0,3694.0,0.0,0.0
1657524840000.0,40.0,0.0,14773.0,3690.0,3695.0,3695.0,3693.0,0.0,0.0
1657524960000.0,30.0,0.0,14773.0,3691.0,3695.0,3694.0,3693.0,0.0,0.0
1657525080000.0,40.0,0.0,14774.0,3691.0,3695.0,3695.0,3693.0,0.0,0.0
1657525200000.0,30.0,0.0,14775.0,3691.0,3696.0,3695.0,3693.0,0.0,0.0
1657525320000.0,30.0,0.0,14776.0,3691.0,3696.0,3695.0,3694.0,0.0,0.0
1657525440000.0,40.0,0.0,14777.0,3692.0,3696.0,3695.0,3694.0,0.0,0.0
1657525560000.0,40.0,0.0,14776.0,3692.0,3696.0,3694.0,3694.0,0.0,0.0
1657525680000.0,40.0,0.0,14777.0,3692.0,3696.0,3695.0,3694.0,0.0,0.0
1657525800000.0,40.0,0.0,14778.0,3692.0,3696.0,3695.0,3695.0,0.0,0.0
1657525920000.0,50.0,0.0,14778.0,3692.0,3696.0,3695.0,3695.0,0.0,0.0
1657526040000.0,50.0,0.0,14780.0,3692.0,3697.0,3696.0,3695.0,0.0,0.0
1657526160000.0,50.0,0.0,14781.0,3693.0,3697.0,3696.0,3695.0,0.0,0.0
1657526280000.0,50.0,0.0,14780.0,3693.0,3696.0,3696.0,3695.0,0.0,0.0
1657526400000.0,50.0,0.0,14782.0,3693.0,3697.0,3697.0,3695.0,0.0,0.0
1657526520000.0,50.0,0.0,14781.0,3693.0,3697.0,3696.0,3695.0,0.0,0.0
1657526640000.0,30.0,0.0,14780.0,3693.0,3697.0,3695.0,3695.0,0.0,0.0
1657526760000.0,30.0,0.0,14779.0,3693.0,3696.0,3695.0,3695.0,0.0,0.0
1657526880000.0,10.0,0.0,14778.0,3693.0,3696.0,3695.0,3694.0,0.0,0.0
1657527000000.0,10.0,0.0,14778.0,3693.0,3696.0,3695.0,3694.0,0.0,0.0
1657527120000.0,10.0,0.0,14778.0,3693.0,3696.0,3695.0,3694.0,0.0,0.0
1657527240000.0,10.0,0.0,14778.0,3693.0,3696.0,3695.0,3694.0,0.0,0.0
1657527360000.0,0.0,0.0,14777.0,3693.0,3696.0,3695.0,3694.0,0.0,0.0
1657527480000.0,0.0,0.0,14777.0,3692.0,3696.0,3695.0,3694.0,0.0,0.0
1657527600000.0,0.0,0.0,14777.0,3693.0,3696.0,3694.0,3694.0,0.0,0.0
1657527720000.0,10.0,0.0,14775.0,3692.0,3695.0,3695.0,3693.0,0.0,0.0
1657527840000.0,0.0,0.0,14776.0,3692.0,3695.0,3695.0,3694.0,0.0,0.0
1657527960000.0,0.0,0.0,14776.0,3692.0,3695.0,3695.0,3694.0,0.0,0.0
1657528080000.0,0.0,0.0,14778.0,3693.0,3696.0,3695.0,3694.0,0.0,0.0
1657528200000.0,0.0,0.0,14777.0,3693.0,3695.0,3695.0,3694.0,0.0,0.0
1657528320000.0,0.0,0.0,14776.0,3692.0,3695.0,3695.0,3694.0,0.0,0.0
1657528440000.0,0.0,0.0,14775.0,3692.0,3696.0,3694.0,3693.0,0.0,0.0
1657528560000.0,0.0,0.0,14778.0,3693.0,3696.0,3695.0,3694.0,0.0,0.0
1657528680000.0,0.0,0.0,14777.0,3693.0,3695.0,3695.0,3694.0,0.0,0.0
1657528800000.0,0.0,0.0,14777.0,3692.0,3696.0,3695.0,3694.0,0.0,0.0
1657528920000.0,0.0,0.0,14778.0,3693.0,3696.0,3695.0,3694.0,0.0,0.0
1657529040000.0,0.0,0.0,14777.0,3693.0,3695.0,3695.0,3694.0,0.0,0.0
1657529160000.0,0.0,0.0,14777.0,3693.0,3695.0,3695.0,3694.0,0.0,0.0
1657529280000.0,0.0,0.0,14776.0,3692.0,3695.0,3695.0,3694.0,0.0,0.0
1657529400000.0,0.0,0.0,14778.0,3692.0,3696.0,3695.0,3695.0,0.0,0.0
1657529520000.0,0.0,0.0,14777.0,3692.0,3696.0,3695.0,3694.0,0.0,0.0
1657529640000.0,0.0,0.0,14778.0,3693.0,3696.0,3695.0,3694.0,0.0,0.0
1657529760000.0,10.0,0.0,14778.0,3693.0,3696.0,3695.0,3694.0,0.0,0.0
1657529880000.0,0.0,0.0,14778.0,3693.0,3695.0,3695.0,3695.0,0.0,0.0
1657530000000.0,0.0,0.0,14776.0,3692.0,3695.0,3695.0,3694.0,0.0,0.0
1657530120000.0,0.0,0.0,14777.0,3693.0,3695.0,3695.0,3694.0,0.0,0.0
1657530240000.0,0.0,0.0,14778.0,3693.0,3696.0,3695.0,3694.0,0.0,0.0
1657530360000.0,0.0,0.0,14777.0,3692.0,3696.0,3695.0,3694.0,0.0,0.0
1657530480000.0,0.0,0.0,14778.0,3693.0,3696.0,3695.0,3694.0,0.0,0.0
1657530600000.0,0.0,0.0,14777.0,3693.0,3695.0,3695.0,3694.0,0.0,0.0
1657530720000.0,0.0,0.0,14776.0,3692.0,3695.0,3695.0,3694.0,0.0,0.0
1657530840000.0,0.0,0.0,14777.0,3692.0,3696.0,3695.0,3694.0,0.0,0.0
1657530960000.0,0.0,0.0,14778.0,3693.0,3696.0,3695.0,3694.0,0.0,0.0
1657531080000.0,0.0,0.0,14777.0,3693.0,3695.0,3695.0,3694.0,0.0,0.0
1657531200000.0,0.0,0.0,14777.0,3692.0,3696.0,3695.0,3694.0,0.0,0.0
1657531320000.0,0.0,0.0,14778.0,3693.0,3696.0,3695.0,3694.0,0.0,0.0
1657531440000.0,0.0,0.0,14776.0,3692.0,3695.0,3695.0,3694.0,0.0,0.0
1657531560000.0,0.0,0.0,14775.0,3692.0,3695.0,3694.0,3694.0,0.0,0.0
1657531680000.0,10.0,0.0,14776.0,3693.0,3695.0,3694.0,3694.0,0.0,0.0
1657531800000.0,0.0,0.0,14778.0,3693.0,3696.0,3695.0,3694.0,0.0,0.0
1657531920000.0,0.0,0.0,14776.0,3693.0,3695.0,3694.0,3694.0,0.0,0.0
1657532040000.0,0.0,0.0,14777.0,3692.0,3695.0,3695.0,3694.0,0.0,0.0
1657532160000.0,0.0,0.0,14777.0,3693.0,3695.0,3695.0,3694.0,0.0,0.0
1657532280000.0,0.0,0.0,14776.0,3693.0,3695.0,3694.0,3694.0,0.0,0.0
1657532400000.0,0.0,0.0,14776.0,3692.0,3696.0,3694.0,3694.0,0.0,0.0
1657532520000.0,0.0,0.0,14777.0,3692.0,3696.0,3695.0,3694.0,0.0,0.0
1657532640000.0,0.0,0.0,14777.0,3693.0,3695.0,3695.0,3694.0,0.0,0.0
1657532760000.0,0.0,0.0,14774.0,3692.0,3695.0,3694.0,3693.0,0.0,0.0
1657532880000.0,0.0,0.0,14775.0,3692.0,3695.0,3695.0,3693.0,0.0,0.0
1657533000000.0,0.0,0.0,14777.0,3693.0,3695.0,3695.0,3693.0,0.0,0.0
1657533120000.0,0.0,0.0,14778.0,3693.0,3696.0,3695.0,3694.0,0.0,0.0
1657533240000.0,0.0,0.0,14776.0,3693.0,3695.0,3695.0,3693.0,0.0,0.0
1657533360000.0,0.0,0.0,14778.0,3693.0,3696.0,3695.0,3694.0,0.0,0.0
1657533480000.0,0.0,0.0,14779.0,3693.0,3696.0,3696.0,3694.0,0.0,0.0
1657533600000.0,0.0,0.0,14777.0,3693.0,3695.0,3695.0,3695.0,0.0,0.0
1657533720000.0,0.0,0.0,14777.0,3693.0,3695.0,3695.0,3694.0,0.0,0.0
1657533840000.0,0.0,0.0,14776.0,3692.0,3695.0,3695.0,3694.0,0.0,0.0
1657533960000.0,0.0,0.0,14776.0,3693.0,3695.0,3694.0,3694.0,0.0,0.0
1657534080000.0,0.0,0.0,14777.0,3693.0,3695.0,3695.0,3694.0,0.0,0.0
1657534200000.0,0.0,20.0,14777.0,3693.0,3695.0,3695.0,3694.0,0.0,0.0
1657534320000.0,0.0,0.0,14778.0,3693.0,3695.0,3695.0,3695.0,0.0,0.0
1657534440000.0,0.0,0.0,14777.0,3693.0,3695.0,3695.0,3694.0,0.0,0.0
1657534560000.0,0.0,0.0,14778.0,3693.0,3696.0,3695.0,3694.0,0.0,0.0
1657534680000.0,0.0,0.0,14777.0,3692.0,3695.0,3695.0,3695.0,0.0,0.0
1657534800000.0,0.0,0.0,14776.0,3693.0,3695.0,3694.0,3694.0,0.0,0.0
1657534920000.0,0.0,0.0,14777.0,3693.0,3695.0,3695.0,3694.0,0.0,0.0
1657535040000.0,0.0,0.0,14776.0,3693.0,3695.0,3694.0,3694.0,0.0,0.0
1657535160000.0,0.0,0.0,14777.0,3693.0,3696.0,3694.0,3694.0,0.0,0.0
1657535280000.0,0.0,0.0,14777.0,3693.0,3695.0,3695.0,3694.0,0.0,0.0
1657535400000.0,0.0,0.0,14777.0,3693.0,3695.0,3695.0,3694.0,0.0,0.0
1657535520000.0,0.0,10.0,14777.0,3693.0,3695.0,3695.0,3694.0,0.0,0.0
1657535640000.0,0.0,0.0,14778.0,3693.0,3696.0,3695.0,3694.0,0.0,0.0
1657535760000.0,0.0,0.0,14777.0,3693.0,3695.0,3695.0,3694.0,0.0,0.0
1657535880000.0,0.0,0.0,14778.0,3693.0,3696.0,3695.0,3694.0,0.0,0.0
1657536000000.0,0.0,0.0,14776.0,3692.0,3695.0,3695.0,3694.0,0.0,0.0
1657536120000.0,0.0,10.0,14777.0,3693.0,3695.0,3695.0,3694.0,0.0,0.0
1657536240000.0,0.0,0.0,14776.0,3692.0,3695.0,3695.0,3694.0,0.0,0.0
1657536360000.0,0.0,0.0,14776.0,3692.0,3695.0,3695.0,3694.0,0.0,0.0
1657536480000.0,0.0,0.0,14776.0,3693.0,3695.0,3694.0,3694.0,0.0,0.0
1657536600000.0,0.0,0.0,14777.0,3693.0,3695.0,3695.0,3694.0,0.0,0.0
1657536720000.0,0.0,0.0,14776.0,3693.0,3695.0,3694.0,3694.0,0.0,0.0
1657536840000.0,0.0,0.0,14776.0,3692.0,3695.0,3695.0,3694.0,0.0,0.0
1657536960000.0,0.0,0.0,14778.0,3693.0,3696.0,3695.0,3694.0,0.0,0.0
1657537080000.0,0.0,0.0,14778.0,3693.0,3696.0,3695.0,3694.0,0.0,0.0
1657537200000.0,0.0,0.0,14776.0,3692.0,3695.0,3695.0,3694.0,0.0,0.0
1657537320000.0,0.0,0.0,14778.0,3693.0,3696.0,3695.0,3694.0,0.0,0.0
1657537440000.0,0.0,0.0,14777.0,3693.0,3696.0,3694.0,3694.0,0.0,0.0
1657537560000.0,0.0,0.0,14775.0,3692.0,3695.0,3694.0,3694.0,0.0,0.0
1657537680000.0,0.0,0.0,14776.0,3693.0,3695.0,3694.0,3694.0,0.0,0.0
1657537800000.0,0.0,0.0,14777.0,3693.0,3695.0,3695.0,3694.0,0.0,0.0
1657537920000.0,0.0,0.0,14777.0,3693.0,3695.0,3695.0,3694.0,0.0,0.0
1657538040000.0,0.0,10.0,14778.0,3693.0,3696.0,3695.0,3694.0,0.0,0.0
1657538160000.0,0.0,10.0,14778.0,3693.0,3696.0,3695.0,3694.0,0.0,0.0
1657538280000.0,0.0,10.0,14776.0,3693.0,3695.0,3694.0,3694.0,0.0,0.0
1657538400000.0,0.0,10.0,14777.0,3693.0,3696.0,3694.0,3694.0,0.0,0.0
1657538520000.0,0.0,0.0,14776.0,3692.0,3695.0,3695.0,3694.0,0.0,0.0
1657538640000.0,0.0,0.0,14777.0,3693.0,3695.0,3695.0,3694.0,0.0,0.0
1657538760000.0,0.0,10.0,14776.0,3692.0,3695.0,3695.0,3694.0,0.0,0.0
1657538880000.0,0.0,0.0,14777.0,3693.0,3695.0,3695.0,3694.0,0.0,0.0
1657539000000.0,0.0,0.0,14777.0,3693.0,3695.0,3695.0,3694.0,0.0,0.0
1657539120000.0,0.0,10.0,14775.0,3693.0,3695.0,3694.0,3694.0,0.0,0.0
1657539240000.0,0.0,0.0,14777.0,3693.0,3695.0,3695.0,3694.0,0.0,0.0
1657539360000.0,0.0,10.0,14778.0,3693.0,3696.0,3695.0,3694.0,0.0,0.0
1657539480000.0,0.0,10.0,14775.0,3692.0,3695.0,3694.0,3694.0,0.0,0.0
1657539600000.0,0.0,10.0,14776.0,3692.0,3695.0,3695.0,3694.0,0.0,0.0
1657539720000.0,0.0,10.0,14777.0,3693.0,3696.0,3694.0,3694.0,0.0,0.0
1657539840000.0,0.0,10.0,14774.0,3692.0,3695.0,3694.0,3693.0,0.0,0.0
1657539960000.0,0.0,0.0,14777.0,3692.0,3696.0,3695.0,3694.0,0.0,0.0
1657540080000.0,10.0,0.0,14778.0,3693.0,3696.0,3695.0,3694.0,0.0,0.0
1657540200000.0,30.0,0.0,14779.0,3694.0,3696.0,3695.0,3694.0,0.0,0.0
1657540320000.0,30.0,0.0,14779.0,3694.0,3696.0,3695.0,3694.0,0.0,0.0
1657540440000.0,20.0,0.0,14779.0,3694.0,3696.0,3695.0,3695.0,0.0,0.0
1657540560000.0,10.0,0.0,14778.0,3693.0,3696.0,3695.0,3694.0,0.0,0.0
1657540680000.0,0.0,0.0,14780.0,3694.0,3696.0,3695.0,3695.0,0.0,0.0
1657540800000.0,0.0,0.0,14778.0,3693.0,3696.0,3695.0,3694.0,0.0,0.0
1657540920000.0,0.0,0.0,14780.0,3694.0,3696.0,3695.0,3695.0,0.0,0.0
1657541040000.0,0.0,0.0,14777.0,3693.0,3695.0,3695.0,3694.0,0.0,0.0
1657541160000.0,0.0,0.0,14779.0,3693.0,3696.0,3695.0,3695.0,0.0,0.0
1657541280000.0,0.0,0.0,14778.0,3693.0,3696.0,3695.0,3694.0,0.0,0.0
1657541400000.0,0.0,0.0,14778.0,3693.0,3695.0,3695.0,3695.0,0.0,0.0
1657541520000.0,0.0,0.0,14779.0,3694.0,3696.0,3695.0,3694.0,0.0,0.0
1657541640000.0,0.0,0.0,14777.0,3693.0,3695.0,3695.0,3694.0,0.0,0.0
1657541760000.0,0.0,0.0,14780.0,3693.0,3696.0,3696.0,3695.0,0.0,0.0
1657541880000.0,0.0,0.0,14778.0,3693.0,3696.0,3695.0,3694.0,0.0,0.0
1657542000000.0,0.0,0.0,14780.0,3694.0,3696.0,3696.0,3694.0,0.0,0.0
1657542120000.0,0.0,0.0,14781.0,3694.0,3696.0,3696.0,3695.0,0.0,0.0
1657542240000.0,0.0,0.0,14780.0,3693.0,3696.0,3696.0,3695.0,0.0,0.0
1657542360000.0,0.0,0.0,14779.0,3694.0,3696.0,3695.0,3695.0,0.0,0.0
1657542480000.0,0.0,0.0,14780.0,3694.0,3696.0,3695.0,3695.0,0.0,0.0
1657542600000.0,0.0,0.0,14778.0,3694.0,3696.0,3695.0,3694.0,0.0,0.0
1657542720000.0,0.0,0.0,14781.0,3694.0,3696.0,3696.0,3695.0,0.0,0.0
1657542840000.0,0.0,0.0,14778.0,3693.0,3696.0,3695.0,3694.0,0.0,0.0
1657542960000.0,0.0,0.0,14778.0,3693.0,3696.0,3695.0,3694.0,0.0,0.0
1657543080000.0,0.0,10.0,14778.0,3693.0,3695.0,3696.0,3694.0,0.0,0.0
1657543200000.0,0.0,0.0,14778.0,3693.0,3696.0,3695.0,3694.0,0.0,0.0
1657543320000.0,0.0,0.0,14778.0,3693.0,3696.0,3695.0,3694.0,0.0,0.0
1657543440000.0,0.0,0.0,14779.0,3694.0,3696.0,3695.0,3694.0,0.0,0.0
1657543560000.0,0.0,0.0,14779.0,3694.0,3696.0,3695.0,3694.0,0.0,0.0
1657543680000.0,0.0,0.0,14777.0,3693.0,3695.0,3695.0,3694.0,0.0,0.0
1657543800000.0,0.0,0.0,14778.0,3693.0,3696.0,3695.0,3694.0,0.0,0.0
1657543920000.0,0.0,0.0,14779.0,3694.0,3695.0,3695.0,3695.0,0.0,0.0
1657544040000.0,0.0,0.0,14777.0,3693.0,3695.0,3695.0,3694.0,0.0,0.0
1657544160000.0,0.0,0.0,14780.0,3694.0,3696.0,3695.0,3695.0,0.0,0.0
1657544280000.0,0.0,0.0,14780.0,3694.0,3696.0,3696.0,3694.0,0.0,0.0
1657544400000.0,0.0,0.0,14778.0,3693.0,3696.0,3695.0,3694.0,0.0,0.0
1657544520000.0,0.0,0.0,14779.0,3694.0,3695.0,3695.0,3695.0,0.0,0.0
1657544640000.0,0.0,0.0,14779.0,3694.0,3696.0,3695.0,3694.0,0.0,0.0
1657544760000.0,0.0,0.0,14779.0,3693.0,3696.0,3695.0,3695.0,0.0,0.0
1657544880000.0,0.0,10.0,14778.0,3693.0,3696.0,3695.0,3695.0,0.0,0.0
1657545000000.0,0.0,10.0,14779.0,3694.0,3696.0,3695.0,3694.0,0.0,0.0
1657545120000.0,0.0,10.0,14778.0,3694.0,3695.0,3695.0,3694.0,0.0,0.0
1657545240000.0,0.0,10.0,14779.0,3693.0,3696.0,3695.0,3695.0,0.0,0.0
1657545360000.0,0.0,0.0,14777.0,3693.0,3695.0,3695.0,3694.0,0.0,0.0
1657545480000.0,0.0,10.0,14779.0,3693.0,3696.0,3695.0,3695.0,0.0,0.0
1657545600000.0,0.0,10.0,14780.0,3694.0,3696.0,3695.0,3695.0,0.0,0.0
1657545720000.0,0.0,0.0,14779.0,3694.0,3696.0,3695.0,3694.0,0.0,0.0
1657545840000.0,0.0,0.0,14779.0,3693.0,3696.0,3695.0,3695.0,0.0,0.0
1657545960000.0,0.0,0.0,14778.0,3694.0,3695.0,3695.0,3694.0,0.0,0.0
1657546080000.0,0.0,0.0,14780.0,3694.0,3696.0,3696.0,3694.0,0.0,0.0
1657546200000.0,0.0,0.0,14779.0,3694.0,3696.0,3695.0,3694.0,0.0,0.0
1657546320000.0,0.0,0.0,14779.0,3694.0,3696.0,3695.0,3694.0,0.0,0.0
1657546440000.0,0.0,0.0,14780.0,3694.0,3696.0,3695.0,3695.0,0.0,0.0
1657546560000.0,0.0,0.0,14778.0,3693.0,3696.0,3695.0,3694.0,0.0,0.0
1657546680000.0,0.0,0.0,14780.0,3694.0,3696.0,3695.0,3695.0,0.0,0.0
1657546800000.0,0.0,0.0,14779.0,3694.0,3696.0,3695.0,3694.0,0.0,0.0
1657546920000.0,0.0,0.0,14779.0,3694.0,3696.0,3695.0,3694.0,0.0,0.0
1657547040000.0,20.0,0.0,14781.0,3694.0,3696.0,3696.0,3695.0,0.0,0.0
1657547160000.0,0.0,0.0,14779.0,3694.0,3696.0,3695.0,3694.0,0.0,0.0
1657547280000.0,10.0,0.0,14779.0,3694.0,3696.0,3695.0,3694.0,0.0,0.0
1657547400000.0,20.0,0.0,14781.0,3694.0,3697.0,3695.0,3695.0,0.0,0.0
1657547520000.0,0.0,0.0,14779.0,3694.0,3696.0,3695.0,3694.0,0.0,0.0
1657547640000.0,0.0,0.0,14780.0,3694.0,3696.0,3695.0,3695.0,0.0,0.0
1657547760000.0,0.0,0.0,14780.0,3694.0,3696.0,3696.0,3695.0,0.0,0.0
1657547880000.0,0.0,0.0,14778.0,3693.0,3696.0,3695.0,3694.0,0.0,0.0
1657548000000.0,0.0,0.0,14779.0,3694.0,3696.0,3695.0,3694.0,0.0,0.0
1657548120000.0,0.0,0.0,14781.0,3694.0,3696.0,3696.0,3695.0,0.0,0.0
1657548240000.0,0.0,0.0,14780.0,3694.0,3696.0,3696.0,3694.0,0.0,0.0
1657548360000.0,0.0,0.0,14780.0,3694.0,3696.0,3696.0,3694.0,0.0,0.0
1657548480000.0,0.0,0.0,14777.0,3693.0,3695.0,3695.0,3694.0,0.0,0.0
1657548600000.0,0.0,0.0,14780.0,3694.0,3696.0,3696.0,3694.0,0.0,0.0
1657548720000.0,0.0,0.0,14780.0,3694.0,3696.0,3695.0,3695.0,0.0,0.0
1657548840000.0,0.0,0.0,14780.0,3694.0,3696.0,3695.0,3695.0,0.0,0.0
1657548960000.0,0.0,0.0,14779.0,3694.0,3696.0,3695.0,3694.0,0.0,0.0
1657549080000.0,0.0,0.0,14780.0,3694.0,3696.0,3695.0,3694.0,0.0,0.0
1657549200000.0,0.0,0.0,14779.0,3694.0,3696.0,3695.0,3694.0,0.0,0.0
1657549320000.0,0.0,0.0,14779.0,3693.0,3696.0,3695.0,3695.0,0.0,0.0
1657549440000.0,0.0,0.0,14780.0,3694.0,3696.0,3695.0,3695.0,0.0,0.0
1657549560000.0,0.0,0.0,14780.0,3694.0,3696.0,3696.0,3694.0,0.0,0.0
1657549680000.0,0.0,0.0,14780.0,3694.0,3696.0,3695.0,3695.0,0.0,0.0
1657549800000.0,0.0,0.0,14781.0,3694.0,3696.0,3696.0,3695.0,0.0,0.0
1657549920000.0,0.0,0.0,14780.0,3694.0,3696.0,3695.0,3695.0,0.0,0.0
1657550040000.0,0.0,0.0,14780.0,3694.0,3696.0,3695.0,3695.0,0.0,0.0
1657550160000.0,0.0,0.0,14780.0,3694.0,3696.0,3695.0,3695.0,0.0,0.0
1657550280000.0,0.0,10.0,14781.0,3694.0,3696.0,3696.0,3695.0,0.0,0.0
1657550400000.0,0.0,0.0,14782.0,3694.0,3697.0,3696.0,3695.0,0.0,0.0
1657550520000.0,0.0,0.0,14781.0,3694.0,3696.0,3696.0,3695.0,0.0,0.0
1657550640000.0,0.0,0.0,14779.0,3694.0,3696.0,3695.0,3694.0,0.0,0.0
1657550760000.0,0.0,10.0,14779.0,3694.0,3696.0,3695.0,3694.0,0.0,0.0
1657550880000.0,0.0,0.0,14780.0,3694.0,3696.0,3696.0,3694.0,0.0,0.0
1657551000000.0,0.0,0.0,14779.0,3694.0,3696.0,3695.0,3694.0,0.0,0.0
1657551120000.0,0.0,0.0,14780.0,3694.0,3696.0,3695.0,3695.0,0.0,0.0
1657551240000.0,0.0,0.0,14782.0,3695.0,3696.0,3696.0,3695.0,0.0,0.0
1657551360000.0,0.0,0.0,14778.0,3694.0,3695.0,3695.0,3694.0,0.0,0.0
1657551480000.0,0.0,0.0,14780.0,3694.0,3696.0,3696.0,3694.0,0.0,0.0
1657551600000.0,0.0,0.0,14781.0,3695.0,3696.0,3696.0,3694.0,0.0,0.0
1657551720000.0,0.0,0.0,14781.0,3694.0,3696.0,3696.0,3695.0,0.0,0.0
1657551840000.0,0.0,0.0,14781.0,3694.0,3696.0,3696.0,3695.0,0.0,0.0
1657551960000.0,0.0,0.0,14780.0,3694.0,3696.0,3695.0,3695.0,0.0,0.0
1657552080000.0,0.0,0.0,14778.0,3694.0,3695.0,3695.0,3694.0,0.0,0.0
1657552200000.0,0.0,0.0,14781.0,3694.0,3696.0,3696.0,3695.0,0.0,0.0
1657552320000.0,0.0,0.0,14780.0,3694.0,3696.0,3695.0,3695.0,0.0,0.0
1657552440000.0,0.0,0.0,14780.0,3694.0,3696.0,3695.0,3695.0,0.0,0.0
1657552560000.0,0.0,0.0,14779.0,3694.0,3696.0,3695.0,3695.0,0.0,0.0
1657552680000.0,0.0,0.0,14780.0,3694.0,3696.0,3695.0,3695.0,0.0,0.0
1657552800000.0,0.0,0.0,14781.0,3695.0,3696.0,3695.0,3695.0,0.0,0.0
1657552920000.0,0.0,0.0,14781.0,3694.0,3696.0,3696.0,3695.0,0.0,0.0
1657553040000.0,0.0,0.0,14780.0,3694.0,3696.0,3695.0,3695.0,0.0,0.0
1657553160000.0,0.0,0.0,14781.0,3694.0,3696.0,3696.0,3695.0,0.0,0.0
1657553280000.0,0.0,0.0,14780.0,3694.0,3696.0,3695.0,3695.0,0.0,0.0
1657553400000.0,0.0,0.0,14781.0,3694.0,3696.0,3696.0,3695.0,0.0,0.0
1657553520000.0,0.0,0.0,14780.0,3694.0,3696.0,3695.0,3695.0,0.0,0.0
1657553640000.0,0.0,0.0,14781.0,3694.0,3696.0,3696.0,3695.0,0.0,0.0
1657553760000.0,0.0,0.0,14781.0,3694.0,3696.0,3696.0,3695.0,0.0,0.0
1657553880000.0,0.0,0.0,14780.0,3694.0,3696.0,3696.0,3695.0,0.0,0.0
1657554000000.0,0.0,0.0,14780.0,3694.0,3696.0,3695.0,3695.0,0.0,0.0
1657554120000.0,0.0,0.0,14780.0,3694.0,3696.0,3695.0,3695.0,0.0,0.0
1657554240000.0,0.0,0.0,14780.0,3694.0,3696.0,3695.0,3695.0,0.0,0.0
1657554360000.0,0.0,0.0,14782.0,3694.0,3697.0,3696.0,3695.0,0.0,0.0
1657554480000.0,0.0,0.0,14781.0,3694.0,3696.0,3696.0,3695.0,0.0,0.0
1657554600000.0,0.0,20.0,14780.0,3694.0,3696.0,3695.0,3695.0,0.0,0.0
1657554720000.0,0.0,10.0,14778.0,3693.0,3696.0,3695.0,3694.0,0.0,0.0
1657554840000.0,0.0,0.0,14779.0,3694.0,3695.0,3695.0,3695.0,0.0,0.0
1657554960000.0,0.0,0.0,14781.0,3694.0,3696.0,3696.0,3695.0,0.0,0.0
1657555080000.0,0.0,10.0,14779.0,3694.0,3696.0,3695.0,3694.0,0.0,0.0
1657555200000.0,0.0,10.0,14780.0,3694.0,3696.0,3695.0,3695.0,0.0,0.0
1657555320000.0,0.0,10.0,14780.0,3694.0,3696.0,3695.0,3695.0,0.0,0.0
1657555440000.0,0.0,10.0,14781.0,3694.0,3696.0,3696.0,3695.0,0.0,0.0
1657555560000.0,0.0,10.0,14780.0,3694.0,3696.0,3695.0,3695.0,0.0,0.0
1657555680000.0,0.0,10.0,14778.0,3694.0,3695.0,3695.0,3694.0,0.0,0.0
1657555800000.0,0.0,10.0,14780.0,3694.0,3696.0,3695.0,3695.0,0.0,0.0
1657555920000.0,0.0,10.0,14777.0,3693.0,3695.0,3695.0,3694.0,0.0,0.0
1657556040000.0,0.0,10.0,14778.0,3693.0,3696.0,3695.0,3694.0,0.0,0.0
1657556160000.0,0.0,10.0,14778.0,3693.0,3696.0,3695.0,3694.0,0.0,0.0
1657556280000.0,0.0,10.0,14779.0,3694.0,3696.0,3695.0,3694.0,0.0,0.0
1657556400000.0,0.0,10.0,14776.0,3693.0,3695.0,3694.0,3694.0,0.0,0.0
1657556520000.0,0.0,10.0,14777.0,3693.0,3695.0,3695.0,3694.0,0.0,0.0
1657556640000.0,0.0,10.0,14779.0,3694.0,3696.0,3695.0,3694.0,0.0,0.0
1657556760000.0,0.0,10.0,14776.0,3693.0,3695.0,3694.0,3694.0,0.0,0.0
1657556880000.0,0.0,10.0,14780.0,3694.0,3696.0,3696.0,3694.0,0.0,0.0
1657557000000.0,0.0,10.0,14778.0,3693.0,3696.0,3694.0,3695.0,0.0,0.0
1657557120000.0,0.0,10.0,14778.0,3693.0,3696.0,3695.0,3694.0,0.0,0.0
1657557240000.0,0.0,10.0,14780.0,3694.0,3696.0,3695.0,3695.0,0.0,0.0
1657557360000.0,0.0,0.0,14778.0,3693.0,3695.0,3695.0,3695.0,0.0,0.0
1657557480000.0,0.0,10.0,14779.0,3694.0,3696.0,3695.0,3694.0,0.0,0.0
1657557600000.0,0.0,10.0,14781.0,3694.0,3696.0,3696.0,3695.0,0.0,0.0
1657557720000.0,0.0,0.0,14779.0,3694.0,3696.0,3695.0,3694.0,0.0,0.0
1657557840000.0,0.0,10.0,14777.0,3693.0,3695.0,3695.0,3694.0,0.0,0.0
1657557960000.0,0.0,10.0,14777.0,3693.0,3695.0,3695.0,3694.0,0.0,0.0
1657558080000.0,0.0,0.0,14778.0,3693.0,3696.0,3695.0,3694.0,0.0,0.0
1657558200000.0,0.0,10.0,14779.0,3694.0,3696.0,3695.0,3694.0,0.0,0.0
1657558320000.0,0.0,0.0,14777.0,3693.0,3696.0,3694.0,3694.0,0.0,0.0
1657558440000.0,0.0,30.0,14778.0,3693.0,3696.0,3695.0,3694.0,0.0,0.0
1657558560000.0,0.0,0.0,14778.0,3694.0,3695.0,3695.0,3694.0,0.0,0.0
1657558680000.0,0.0,10.0,14777.0,3694.0,3695.0,3694.0,3694.0,0.0,0.0
1657558800000.0,0.0,10.0,14778.0,3694.0,3695.0,3695.0,3694.0,0.0,0.0
1657558920000.0,0.0,10.0,14778.0,3694.0,3695.0,3695.0,3694.0,0.0,0.0
1657559040000.0,0.0,0.0,14779.0,3693.0,3696.0,3695.0,3695.0,0.0,0.0
1657559160000.0,0.0,0.0,14779.0,3693.0,3696.0,3695.0,3695.0,0.0,0.0
1657559280000.0,0.0,10.0,14778.0,3693.0,3696.0,3695.0,3694.0,0.0,0.0
1657559400000.0,0.0,10.0,14777.0,3693.0,3695.0,3695.0,3694.0,0.0,0.0
1657559520000.0,0.0,0.0,14777.0,3693.0,3695.0,3695.0,3694.0,0.0,0.0
1657559640000.0,0.0,10.0,14778.0,3693.0,3696.0,3695.0,3694.0,0.0,0.0
1657559760000.0,0.0,10.0,14777.0,3693.0,3695.0,3695.0,3694.0,0.0,0.0
1657559880000.0,0.0,0.0,14777.0,3693.0,3695.0,3695.0,3694.0,0.0,0.0
1657560000000.0,0.0,10.0,14779.0,3694.0,3696.0,3695.0,3694.0,0.0,0.0
1657560120000.0,0.0,0.0,14778.0,3693.0,3696.0,3695.0,3694.0,0.0,0.0
1657560240000.0,0.0,0.0,14778.0,3693.0,3696.0,3695.0,3694.0,0.0,0.0
1657560360000.0,0.0,0.0,14777.0,3693.0,3695.0,3695.0,3694.0,0.0,0.0
1657560480000.0,0.0,0.0,14777.0,3693.0,3695.0,3695.0,3694.0,0.0,0.0
1657560600000.0,0.0,0.0,14778.0,3693.0,3696.0,3695.0,3694.0,0.0,0.0
1657560720000.0,0.0,10.0,14779.0,3694.0,3696.0,3695.0,3694.0,0.0,0.0
1657560840000.0,0.0,10.0,14778.0,3694.0,3695.0,3695.0,3694.0,0.0,0.0
1657560960000.0,0.0,10.0,14778.0,3693.0,3696.0,3695.0,3694.0,0.0,0.0
1657561080000.0,0.0,0.0,14777.0,3693.0,3695.0,3695.0,3694.0,0.0,0.0
1657561200000.0,0.0,10.0,14778.0,3693.0,3696.0,3695.0,3694.0,0.0,0.0
1657561320000.0,0.0,10.0,14777.0,3693.0,3695.0,3695.0,3694.0,0.0,0.0
1657561440000.0,0.0,10.0,14778.0,3694.0,3695.0,3695.0,3694.0,0.0,0.0
1657561560000.0,0.0,10.0,14777.0,3693.0,3695.0,3695.0,3694.0,0.0,0.0
1657561680000.0,0.0,10.0,14777.0,3693.0,3695.0,3695.0,3694.0,0.0,0.0
1657561800000.0,0.0,10.0,14778.0,3693.0,3696.0,3695.0,3694.0,0.0,0.0
1657561920000.0,0.0,10.0,14778.0,3693.0,3696.0,3695.0,3694.0,0.0,0.0
1657562040000.0,0.0,10.0,14777.0,3693.0,3695.0,3695.0,3694.0,0.0,0.0
1657562160000.0,0.0,10.0,14776.0,3692.0,3695.0,3695.0,3694.0,0.0,0.0
1657562280000.0,0.0,10.0,14777.0,3693.0,3695.0,3695.0,3694.0,0.0,0.0
1657562400000.0,0.0,10.0,14777.0,3693.0,3695.0,3695.0,3694.0,0.0,0.0
1657562520000.0,0.0,10.0,14776.0,3693.0,3695.0,3694.0,3694.0,0.0,0.0
1657562640000.0,0.0,10.0,14776.0,3692.0,3695.0,3695.0,3694.0,0.0,0.0
1657562760000.0,0.0,10.0,14777.0,3693.0,3696.0,3694.0,3694.0,0.0,0.0
1657562880000.0,0.0,10.0,14777.0,3693.0,3695.0,3695.0,3694.0,0.0,0.0
1657563000000.0,0.0,10.0,14774.0,3692.0,3695.0,3694.0,3693.0,0.0,0.0
1657563120000.0,0.0,20.0,14776.0,3693.0,3695.0,3694.0,3694.0,0.0,0.0
1657563240000.0,0.0,20.0,14776.0,3693.0,3695.0,3694.0,3694.0,0.0,0.0
1657563360000.0,0.0,10.0,14777.0,3693.0,3695.0,3695.0,3694.0,0.0,0.0
1657563480000.0,0.0,20.0,14774.0,3692.0,3695.0,3694.0,3693.0,0.0,0.0
1657563600000.0,0.0,10.0,14777.0,3693.0,3695.0,3695.0,3694.0,0.0,0.0
1657563720000.0,0.0,10.0,14777.0,3693.0,3695.0,3695.0,3694.0,0.0,0.0
1657563840000.0,0.0,10.0,14776.0,3693.0,3695.0,3694.0,3694.0,0.0,0.0
1657563960000.0,0.0,10.0,14775.0,3692.0,3695.0,3694.0,3694.0,0.0,0.0
1657564080000.0,0.0,10.0,14776.0,3693.0,3695.0,3695.0,3693.0,0.0,0.0
